<?xml version="1.0" encoding="UTF-8"?>
<project-private xmlns="http://www.netbeans.org/ns/project-private/1">
    <editor-bookmarks xmlns="http://www.netbeans.org/ns/editor-bookmarks/2" lastBookmarkId="0"/>
    <open-files xmlns="http://www.netbeans.org/ns/projectui-open-files/2">
        <group>
            <file>file:/var/www/html/codingbird.com/application/views/includes/products/cart.php</file>
            <file>file:/var/www/html/codingbird.com/application/controllers/Checkout.php</file>
            <file>file:/var/www/html/codingbird.com/js/custom.js</file>
            <file>file:/var/www/html/codingbird.com/application/views/includes/products.php</file>
            <file>file:/var/www/html/codingbird.com/application/controllers/My_account.php</file>
            <file>file:/var/www/html/codingbird.com/application/controllers/Addcart.php</file>
        </group>
    </open-files>
</project-private>
